parameterization_id,ART Link Max,ART Link Mid,Base Infectivity,Infmrl Form Rate,Infrml Condom Mid,Infrml Condom Rate,Mrtl Condom Max,Mrtl Condom Mid,Mrtl Condom Rate,Mrtl Form Rate,PreART Link Max,PreART Link Mid,PreART Link Min,SeedYr HIGH,Sexual Debut Age Female Weibull Heterogeneity,Sexual Debut Age Female Weibull Scale,Sexual Debut Age Male Weibull Heterogeneity,Sexual Debut Age Male Weibull Scale,Swaziland: Infmrl Condoms Late,Swaziland: LOW Risk,Swaziland: Trns Condoms Late,Trns Condom Mid,Trns Condom Rate,Trns Form Rate,Male To Female Young,Male To Female Old,iteration_number,run_number,sim_id,likelihood
1,0.945062332,2010.345922,0.00235,0.001458995,1992.739112,3.11130766,0.251579242,2002.041965,2.729126724,0.000448961,0.853198135,1995.795716,0,1983.959066,0.262189327,15.64767183,0.04154846,17.60118662,0.335152319,0.754677928,0.023073988,1997.51585,3.476309557,0.000136986,5.811493544,2.758046672,,40550,,1
2,0.945062332,2010.345922,0.00235,0.001458995,1992.739112,3.11130766,0.251579242,2002.041965,2.729126724,0.000448961,0.853198135,1995.795716,0,1983.959066,0.262189327,15.64767183,0.04154846,17.60118662,0.335152319,0.754677928,0.023073988,1997.51585,3.476309557,0.000136986,5.811493544,2.758046672,,19784,,1
3,0.945062332,2010.345922,0.00235,0.001458995,1992.739112,3.11130766,0.251579242,2002.041965,2.729126724,0.000448961,0.853198135,1995.795716,0,1983.959066,0.262189327,15.64767183,0.04154846,17.60118662,0.335152319,0.754677928,0.023073988,1997.51585,3.476309557,0.000136986,5.811493544,2.758046672,,6559,,1
4,0.947816828,2010.731262,0.00228756,0.001418732,1990.948863,3.14856951,0.29000958,2001.791685,2.314737566,0.00030427,0.783316654,1994.119866,0.004757836,1984.416059,0.33899452,16.4315461,0.058218194,16.06255762,0.308343613,0.731774862,0.102982624,1996.73534,3.600286018,0.000136986,4.621983425,2.352304299,,17566,,1
5,0.947816828,2010.731262,0.00228756,0.001418732,1990.948863,3.14856951,0.29000958,2001.791685,2.314737566,0.00030427,0.783316654,1994.119866,0.004757836,1984.416059,0.33899452,16.4315461,0.058218194,16.06255762,0.308343613,0.731774862,0.102982624,1996.73534,3.600286018,0.000136986,4.621983425,2.352304299,,35596,,1
6,0.947816828,2010.731262,0.00228756,0.001418732,1990.948863,3.14856951,0.29000958,2001.791685,2.314737566,0.00030427,0.783316654,1994.119866,0.004757836,1984.416059,0.33899452,16.4315461,0.058218194,16.06255762,0.308343613,0.731774862,0.102982624,1996.73534,3.600286018,0.000136986,4.621983425,2.352304299,,13120,,1
7,0.953058511,2010.352458,0.002317618,0.001369516,1992.02194,2.940301191,0.223021169,2002.283786,2.21774672,0.000461241,0.781090636,1995.91752,0.015422525,1982.63851,0.306013824,16.20931306,0.04,17.67923645,0.346736181,0.743038113,0.064321898,1996.41981,3.05084918,0.000136986,5.012385561,2.844192773,,50218,,1
8,0.953058511,2010.352458,0.002317618,0.001369516,1992.02194,2.940301191,0.223021169,2002.283786,2.21774672,0.000461241,0.781090636,1995.91752,0.015422525,1982.63851,0.306013824,16.20931306,0.04,17.67923645,0.346736181,0.743038113,0.064321898,1996.41981,3.05084918,0.000136986,5.012385561,2.844192773,,42207,,1
9,0.953058511,2010.352458,0.002317618,0.001369516,1992.02194,2.940301191,0.223021169,2002.283786,2.21774672,0.000461241,0.781090636,1995.91752,0.015422525,1982.63851,0.306013824,16.20931306,0.04,17.67923645,0.346736181,0.743038113,0.064321898,1996.41981,3.05084918,0.000136986,5.012385561,2.844192773,,20498,,1
10,0.946509836,2011,0.002332448,0.001068601,1992.756017,2.973176594,0.259262043,2002.676205,2.026043241,0.000222941,0.842499563,1995.233278,0,1982.832722,0.293474913,16.11051449,0.04,16.84611053,0.268375395,0.730103063,0.071523288,1995.119696,2.948679012,0.000136986,4.426654117,2.813087094,,10161,,1
11,0.956585214,2011,0.002337145,0.001546173,1992.859509,2.964726354,0.160503148,2002.282816,2.851272083,0.000550389,0.766267618,1995.25387,0,1983.545426,0.295839812,16.44544579,0.051951902,17.40608722,0.311162447,0.711783299,0.156285352,1997.029349,2.948823065,0.000145223,4.888521843,2.376800326,,53849,,1
12,0.948603993,2010.927433,0.00235,0.001421653,1992.407905,3.046225555,0.188516347,2001.98935,2.842969818,0.00045586,0.722262567,1995.299034,0.030309205,1981.983605,0.316659688,16.20785382,0.057169652,17.29823401,0.356778486,0.7449072,0.105952258,1996.455243,2.654943613,0.000136986,4.785366752,2.867059701,,3798,,1
13,0.9540262,2010.449283,0.002288203,0.001238391,1992.307036,2.806520494,0.218086374,2002.109325,2.393612257,0.000549459,0.83415912,1996.487399,0,1982.689399,0.335698094,16.11008609,0.04,17.4852641,0.359656856,0.70083117,0.074761823,1996.505255,2.98851222,0.000136986,4.854557563,2.698443639,,44615,,1
14,0.951810738,2010.299968,0.002328078,0.001209543,1992.483446,2.948345653,0.241961476,2001.290424,2.49867643,0.000319317,0.774198046,1994.221584,0.009111168,1982.186886,0.33046267,16.28071662,0.04267363,17.24277067,0.35588513,0.729318337,0.102263448,1997.671144,2.980711995,0.000136986,4.77194745,2.868532528,,63727,,1
15,0.953233853,2010.656245,0.002320199,0.00155115,1992.25289,3.02040366,0.219856593,2002.029117,2.495640547,0.000459458,0.809265289,1996.195761,0.026249896,1982.634364,0.314198754,16.21901551,0.040503,17.70297803,0.331027601,0.741127176,0.108140679,1996.830185,3.006792068,0.000136986,4.966776583,2.801664422,,27678,,1
16,0.957658128,2011,0.00230111,0.001379238,1992.546329,3.083565816,0.233064741,2001.343094,2.522615518,0.000492999,0.803719531,1996.634665,0,1982.729798,0.328936415,16.22600019,0.04,17.69883504,0.329522938,0.717384175,0.117364931,1997.187275,2.484716125,0.000136986,4.887432254,2.831331435,,38401,,1
17,0.96258131,2009.935356,0.002339668,0.00151123,1993.011794,3.145360796,0.22763433,2001.599093,2.186485606,0.000519217,0.858597734,1996.826489,0.101755655,1983.166099,0.265190324,16.27688037,0.04,17.41970711,0.343945428,0.749079166,0.123865619,1999.178603,2.907476513,0.000137432,4.254808383,2.909556733,,40800,,1
18,0.961062952,2010.873657,0.002321508,0.001284286,1992.019441,3.058561546,0.213927337,2000.726615,2.152713196,0.000400037,0.782821224,1995.417947,0,1981.218129,0.297937872,16.12511011,0.04,18.36834651,0.367079284,0.715218762,0.063251784,1996.801129,3.499982054,0.000136986,4.946276065,3.200512529,,51674,,1
19,0.947458683,2010.953443,0.002244203,0.001538892,1992.940798,2.896974047,0.247909489,2002.025945,2.259881728,0.00057871,0.826161717,1995.958031,0,1982.474265,0.291410858,16.46189925,0.045474282,17.7830998,0.415106171,0.717761573,0.057358782,1996.517763,2.69932791,0.000176906,5.450871081,2.717077657,,61361,,1
20,0.954751572,2010.585705,0.00232649,0.001539892,1992.710056,3.039183477,0.217680986,2001.782541,2.365910674,0.000449329,0.79396056,1995.681224,0.001970479,1982.538346,0.306603282,16.26139998,0.040194451,17.49739042,0.339781139,0.724196109,0.098311412,1996.661219,3.085584037,0.000136986,4.909151821,2.828569183,,56480,,1
21,0.949209314,2010.844666,0.002329245,0.001684634,1993.006816,3.041355874,0.207507277,2001.175295,2.35993353,0.00042318,0.782114249,1994.963788,0,1982.613291,0.317351513,16.32788467,0.045274718,17.84244027,0.367188495,0.703989748,0.072109214,1996.690807,2.940146073,0.000136986,5.026198013,2.809230922,,3403,,1
22,0.944575914,2010.542947,0.002293385,0.00156154,1993.036372,2.968655271,0.223869392,2001.87735,2.598324183,0.000507904,0.81111491,1996.456717,0,1981.759847,0.323104505,16.24802365,0.04,16.77632994,0.339616507,0.758711128,0.105637581,1995.868242,2.42105059,0.000136986,4.802151687,2.480157425,,46864,,1
23,0.947368434,2011,0.002336862,0.001291263,1991.749562,3.010098904,0.242828351,2000.85935,2.498044665,0.000459803,0.769874294,1995.180989,0.018325041,1982.962628,0.314060559,16.35967202,0.050543779,16.84580946,0.319540597,0.744131995,0.139063952,1996.909246,3.019657412,0.000136986,4.744424325,2.732044777,,14617,,1
24,0.947893841,2011,0.002312667,0.001543995,1992.713029,2.988892478,0.232233582,2001.64571,2.279422249,0.000467362,0.83559168,1994.754157,0.078764159,1983.239387,0.276174046,16.4549539,0.04,17.45632168,0.323355278,0.70236552,0.076706806,1996.195242,2.67861029,0.000136986,5.501258477,2.664588206,,3085,,1
25,0.949261534,2010.668948,0.002348728,0.00118167,1993.236664,3.037473274,0.220148137,2002.615289,2.82277111,0.000489036,0.843213245,1996.194197,0.036466226,1982.714661,0.296679304,16.27313958,0.04,17.56630741,0.334548714,0.69886938,0.043248107,1997.274915,2.866350829,0.000197923,4.37156437,2.543267764,,3990,,1
26,0.960861994,2009.876866,0.002311642,0.001390789,1992.698473,2.835439867,0.233248343,2001.858383,2.075186394,0.000423772,0.778893944,1996.32472,0.096992699,1982.499226,0.350196324,16.24047496,0.054214174,17.1926046,0.386066565,0.709054995,0.099372139,1997.338148,2.958794519,0.000173322,4.904595903,2.935284912,,56477,,1
27,0.960564731,2010.52917,0.002334666,0.001497709,1992.97162,2.94704673,0.261180579,2002.404094,2.371670226,0.000428709,0.760564541,1995.944994,0,1982.674866,0.286506978,16.19028607,0.04,17.60324753,0.32354034,0.729322578,0.133692215,1995.993602,2.504076108,0.000136986,4.902418648,2.993955504,,34044,,1
28,0.953447494,2010.392601,0.002317437,0.00143389,1991.727509,2.956543504,0.211355321,2001.717329,3.174038297,0.00043564,0.742103668,1994.670683,0,1982.398408,0.367278737,16.45419884,0.067292758,17.99992411,0.356417035,0.754832917,0.078217257,1996.07883,2.823008319,0.000136986,5.076218106,2.587460106,,9770,,1
29,0.945309124,2010.26183,0.002309028,0.001484817,1993.073873,2.972747914,0.217623737,2001.977974,2.321618436,0.000454223,0.801305699,1995.848974,0.003287304,1982.161951,0.315633434,16.21516503,0.046689893,17.40890621,0.34449575,0.727649083,0.112350429,1996.718075,3.038406769,0.000136986,4.806396876,2.967226753,,27275,,1
30,0.95210665,2010.706492,0.002340033,0.001401921,1992.290529,2.975147027,0.229848397,2001.596133,2.407892719,0.000446689,0.806797039,1994.037588,0.039970614,1982.02852,0.292428787,16.19804519,0.04709373,17.50521555,0.35244411,0.728733877,0.125747676,1996.74466,2.748043551,0.000136986,4.76844404,2.798647712,,51218,,1
31,0.947706396,2010.534807,0.002327066,0.001333501,1992.764361,2.996102406,0.244373284,2001.150409,2.571612742,0.000504075,0.780320581,1999.869614,0,1982.302087,0.296099481,16.4953236,0.04,17.41143193,0.35303202,0.729442115,0.076040418,1996.652718,3.058332123,0.000136986,4.960650288,2.752013732,,25490,,1
32,0.947706396,2010.534807,0.002327066,0.001333501,1992.764361,2.996102406,0.244373284,2001.150409,2.571612742,0.000504075,0.780320581,1999.869614,0,1982.302087,0.296099481,16.4953236,0.04,17.41143193,0.35303202,0.729442115,0.076040418,1996.652718,3.058332123,0.000136986,4.960650288,2.752013732,,21694,,1
33,0.956902578,2010.57933,0.00235,0.001563829,1992.674724,3.158539163,0.189802609,2001.828947,2.497617746,0.000524045,0.80947081,1996.186931,0.008912498,1983.299345,0.307088934,16.38340899,0.045954128,17.52532292,0.340314977,0.750527155,0.114964992,1996.419479,2.852982399,0.000174509,4.581765617,2.810859529,,145,,1
34,0.952024317,2010.661566,0.002325618,0.001497123,1992.667865,3.025829677,0.216379668,2001.876433,2.431728019,0.000447645,0.812776978,1995.859186,0.013770355,1982.687253,0.307358158,16.3006198,0.04,17.49124006,0.334164753,0.733035342,0.110003293,1996.555746,3.018831415,0.000136986,4.882260784,2.882144325,,22473,,1
35,0.953058511,2010.352458,0.002317618,0.001369516,1992.02194,2.940301191,0.223021169,2002.283786,2.21774672,0.000461241,0.781090636,1995.91752,0.015422525,1982.63851,0.306013824,16.20931306,0.04,17.67923645,0.346736181,0.743038113,0.064321898,1996.41981,3.05084918,0.000136986,5.012385561,2.844192773,,50218,,1
36,0.953104573,2010.712784,0.002322674,0.001602509,1992.669839,3.040351447,0.206914486,2001.871708,2.395277056,0.000458227,0.809323102,1995.549117,0,1982.491633,0.306931666,16.25233178,0.04697547,17.74218755,0.355792253,0.740552003,0.100644924,1997.095441,3.002146213,0.000136986,4.80494362,2.842145518,,43956,,1
37,0.95035766,2010.694464,0.002336221,0.001349896,1993.409736,3.061480287,0.237731444,2001.90429,2.240898521,0.000381036,0.882299281,1996.675313,0,1983.678246,0.313441905,16.23138997,0.04,17.3539593,0.334629317,0.734193487,0.07523717,1996.132586,2.827169268,0.000136986,4.667124783,2.893777257,,42555,,1
38,0.953058511,2010.352458,0.002317618,0.001369516,1992.02194,2.940301191,0.223021169,2002.283786,2.21774672,0.000461241,0.781090636,1995.91752,0.015422525,1982.63851,0.306013824,16.20931306,0.04,17.67923645,0.346736181,0.743038113,0.064321898,1996.41981,3.05084918,0.000136986,5.012385561,2.844192773,,42207,,1
39,0.96258131,2009.935356,0.002339668,0.00151123,1993.011794,3.145360796,0.22763433,2001.599093,2.186485606,0.000519217,0.858597734,1996.826489,0.101755655,1983.166099,0.265190324,16.27688037,0.04,17.41970711,0.343945428,0.749079166,0.123865619,1999.178603,2.907476513,0.000137432,4.254808383,2.909556733,,31104,,1
40,0.951094331,2010.834781,0.002302437,0.001620358,1991.916304,3.005236544,0.233844255,2001.725057,2.697508516,0.000399337,0.839809526,1995.916562,0.01658132,1982.220314,0.306151187,16.31888503,0.053207903,17.85901754,0.326161128,0.737565904,0.0989884,1996.61635,3.095637528,0.000136986,4.772402048,2.796219313,,26228,,1
41,0.952272606,2010.67988,0.002329444,0.001528969,1992.525789,3.012496834,0.215846177,2001.854496,2.418434048,0.000457182,0.80620739,1995.744056,0.007256419,1982.552924,0.309592429,16.30228293,0.042494848,17.49452131,0.339119744,0.730405439,0.100701789,1996.680484,3.003583202,0.000136986,4.89377618,2.857881347,,43330,,1
42,0.952008612,2010.69344,0.002328768,0.001535464,1992.542415,3.014665445,0.215062094,2001.867988,2.42323465,0.00045593,0.807826735,1995.699922,0.007005338,1982.513375,0.309397178,16.29364578,0.043066459,17.49566909,0.340740927,0.730371103,0.099965927,1996.670089,3.000787295,0.000136986,4.883126929,2.853416448,,46605,,1
43,0.94755973,2010.917189,0.0023367,0.001485034,1992.326201,3.028079678,0.190934358,2002.130579,2.524138171,0.000446308,0.811872827,1995.942199,0,1981.907065,0.313972879,16.37251534,0.041722681,17.09595684,0.34017372,0.727797677,0.110932791,1998.411092,3.439887499,0.000136986,5.12055869,2.871423845,,31979,,1
44,0.946124771,2011,0.002328462,0.001449254,1992.401397,2.819622314,0.202774943,2001.862239,2.428877683,0.000491429,0.809762601,1998.127922,0.013540748,1982.961337,0.318870003,16.15472391,0.047696411,17.61111677,0.329587685,0.710153396,0.141049909,1996.992186,3.181427947,0.000136986,5.00726091,3.02041441,,21686,,1
45,0.949815942,2010.771201,0.002338436,0.001343573,1993.234348,3.230088709,0.19917671,2001.881522,2.680140983,0.000427344,0.763340881,1993.298841,0,1982.606682,0.321195006,16.09937034,0.04,17.65046743,0.337421216,0.750885377,0.088796131,1995.227967,2.821726602,0.000136986,4.83671605,2.664530454,,24158,,1
46,0.95545351,2010.856621,0.00232521,0.00157822,1992.694867,3.018958141,0.220115506,2001.845564,2.628399778,0.000519731,0.776646967,1993.915658,0,1983.193768,0.300608826,16.27430505,0.04,17.67390389,0.306906824,0.720898775,0.105427456,1997.129923,3.163879268,0.000136986,4.885593163,2.68065153,,57693,,1
47,0.944831497,2010.362172,0.002337988,0.001396615,1993.518487,3.253480614,0.272411533,2002.274011,2.748328203,0.000559384,0.831734216,1992.667303,0.091187189,1982.599289,0.290200603,16.03961248,0.04,17.95592674,0.312784314,0.697440138,0.110582894,1995.85773,2.9715247,0.000217409,4.902058939,2.739836923,,6322,,1
48,0.957002005,2010.935253,0.00228287,0.001387476,1992.888605,3.107694309,0.227511266,2001.292944,2.261965092,0.000549216,0.809533171,1995.701142,0.000685881,1982.869886,0.288679409,16.40370986,0.04,17.72103286,0.294580534,0.735752233,0.097722871,1996.938015,3.057289977,0.000154785,5.000090173,2.628316914,,41507,,1
49,0.961261609,2010.215623,0.002297296,0.001624339,1992.478854,3.133473079,0.224202046,2002.308683,2.635463676,0.000498066,0.817607709,1996.160802,0,1983.726332,0.297710733,16.68446904,0.062470341,17.90338945,0.370856877,0.727154549,0.040216739,1996.815298,2.916997128,0.000136986,4.740517215,2.652027612,,5188,,1
50,0.956249844,2010.580373,0.00235,0.001626657,1992.71433,3.068119156,0.232356021,2002.074542,2.258915571,0.000416949,0.845687165,1995.726804,0.051860911,1982.091183,0.283530959,16.35569445,0.047213324,17.44069201,0.310474182,0.728900998,0.095689282,1996.899939,3.007104762,0.000136986,4.877121074,3.103495065,,45470,,1
51,0.947710218,2010.061476,0.00234287,0.00159038,1992.082497,2.697205118,0.215369729,2002.100909,2.2118375,0.00049801,0.860208937,1994.062641,0,1982.828598,0.263513339,16.04918857,0.04,17.74073851,0.439036995,0.720920258,0.110173413,1995.772651,3.159326771,0.000168322,4.796611541,2.628399552,,52667,,1
52,0.955607969,2010.75315,0.002329532,0.001437462,1992.08478,3.097218587,0.198811507,2001.943589,2.176836491,0.000377365,0.761018662,1996.09923,0.04260084,1983.150836,0.309952024,16.28622166,0.041156986,17.95251926,0.316319625,0.723285148,0.109645768,1996.702571,2.829807939,0.000165743,4.837326524,2.567924111,,647,,1
53,0.956769587,2010.593164,0.002338782,0.001338164,1992.762902,2.97569898,0.244289021,2002.292968,2.312580149,0.000441933,0.794704519,1993.606195,0.048703269,1983.273182,0.328226778,16.35274785,0.041350885,17.51314036,0.323781173,0.724464175,0.035731153,1995.758595,2.794942159,0.000136986,5.140912948,3.15780805,,22241,,1
54,0.95742665,2010.506483,0.002319064,0.00136437,1991.213304,3.100370501,0.206253016,2002.187387,2.819278233,0.000436454,0.796117982,1996.33002,0,1982.034106,0.331447097,16.16460254,0.04,17.37773154,0.335601358,0.714384704,0.142371435,1995.827991,2.903647779,0.000158632,4.440135703,3.023139032,,55512,,1
55,0.949364323,2010.545551,0.00233981,0.001612496,1992.521534,3.018993773,0.238019763,2001.341432,2.478938097,0.000474593,0.773874793,1996.498433,0,1982.157956,0.3120027,16.10329949,0.04,17.88509963,0.403377668,0.748073643,0.118281956,1995.815694,2.797071598,0.000136986,4.545655609,2.72715065,,52181,,1
56,0.95543845,2011,0.002342973,0.001184301,1993.985864,2.953748793,0.209185935,2003.19679,2.355341894,0.000425468,0.830528637,1995.144806,0.044954497,1983.295549,0.359132434,16.0056562,0.04,17.17026904,0.328890891,0.72859258,0.103199243,1996.530045,2.999195503,0.000136986,5.30729749,3.134364205,,33021,,1
57,0.964586202,2010.544337,0.002334971,0.001577329,1992.851775,2.714826151,0.253932667,2004.742475,1.944172171,0.000517111,0.828906773,1995.283455,0.04940677,1983.074009,0.279904122,16.19316853,0.084510133,18.542263,0.327620084,0.706941391,0.088764698,1995.674415,2.928746127,0.000136986,5.086269308,2.381448347,,61114,,1
58,0.952272606,2010.67988,0.002329444,0.001528969,1992.525789,3.012496834,0.215846177,2001.854496,2.418434048,0.000457182,0.80620739,1995.744056,0.007256419,1982.552924,0.309592429,16.30228293,0.042494848,17.49452131,0.339119744,0.730405439,0.100701789,1996.680484,3.003583202,0.000136986,4.89377618,2.857881347,,21434,,1
59,0.959864682,2010.451962,0.002289664,0.001215808,1991.430952,3.048632154,0.205452751,2001.034697,2.818065204,0.000509295,0.866273948,1995.135036,0,1983.073174,0.275038062,15.88557294,0.050243467,17.15946108,0.303731249,0.742148835,0.084953791,1997.566979,3.158053026,0.000136986,5.722446751,2.905167799,,30361,,1
60,0.953469174,2010.037555,0.002348638,0.001172861,1992.430974,2.794019601,0.210543454,2001.895077,2.128827682,0.00042323,0.79913828,1996.167905,0.054622537,1982.708335,0.280583721,16.63766221,0.042873799,17.15791433,0.309310502,0.740713798,0.12106565,1998.894294,3.026337816,0.000136986,4.526627074,2.75210785,,30781,,1
61,0.947816828,2010.731262,0.00228756,0.001418732,1990.948863,3.14856951,0.29000958,2001.791685,2.314737566,0.00030427,0.783316654,1994.119866,0.004757836,1984.416059,0.33899452,16.4315461,0.058218194,16.06255762,0.308343613,0.731774862,0.102982624,1996.73534,3.600286018,0.000136986,4.621983425,2.352304299,,13120,,1
62,0.951792162,2010.875955,0.00235,0.001495375,1991.792281,2.971442952,0.209368288,2002.418205,2.37832498,0.000359261,0.786199959,1996.916554,0,1983.187676,0.269222509,16.1982543,0.077462074,17.63559557,0.382213807,0.666022722,0.111371436,1995.720575,3.126390445,0.000142081,4.280243401,2.878246231,,60665,,1
63,0.947710218,2010.061476,0.00234287,0.00159038,1992.082497,2.697205118,0.215369729,2002.100909,2.2118375,0.00049801,0.860208937,1994.062641,0,1982.828598,0.263513339,16.04918857,0.04,17.74073851,0.439036995,0.720920258,0.110173413,1995.772651,3.159326771,0.000168322,4.796611541,2.628399552,,7874,,1
64,0.958266702,2010.660218,0.0023126,0.001627973,1992.519446,2.928281083,0.212503541,2001.58478,2.172015469,0.000485555,0.836935755,1994.493126,0,1982.264191,0.300349389,16.12635342,0.04,17.31236233,0.309312376,0.722039536,0.118472007,1996.077931,3.177311945,0.000145739,4.813583273,2.793147613,,23313,,1
65,0.944575914,2010.542947,0.002293385,0.00156154,1993.036372,2.968655271,0.223869392,2001.87735,2.598324183,0.000507904,0.81111491,1996.456717,0,1981.759847,0.323104505,16.24802365,0.04,16.77632994,0.339616507,0.758711128,0.105637581,1995.868242,2.42105059,0.000136986,4.802151687,2.480157425,,57125,,1
66,0.95210665,2010.706492,0.002340033,0.001401921,1992.290529,2.975147027,0.229848397,2001.596133,2.407892719,0.000446689,0.806797039,1994.037588,0.039970614,1982.02852,0.292428787,16.19804519,0.04709373,17.50521555,0.35244411,0.728733877,0.125747676,1996.74466,2.748043551,0.000136986,4.76844404,2.798647712,,5451,,1
67,0.956769587,2010.593164,0.002338782,0.001338164,1992.762902,2.97569898,0.244289021,2002.292968,2.312580149,0.000441933,0.794704519,1993.606195,0.048703269,1983.273182,0.328226778,16.35274785,0.041350885,17.51314036,0.323781173,0.724464175,0.035731153,1995.758595,2.794942159,0.000136986,5.140912948,3.15780805,,14674,,1
68,0.953904972,2010.644729,0.002312535,0.001429556,1992.420098,3.070345324,0.210200776,2002.394912,2.428168163,0.00044383,0.840275106,1994.652521,0.002160281,1982.005239,0.305029856,16.25022841,0.048774754,17.53785007,0.313218943,0.692055475,0.078976533,1997.186497,3.327512889,0.000136986,4.717822366,2.539857434,,41558,,1
69,0.954428255,2010.567055,0.002320371,0.00142644,1992.14474,3.076155418,0.204244576,2001.510752,2.461125264,0.000481226,0.799800918,1995.189932,0.011305831,1982.439656,0.322699535,16.39640513,0.046411759,17.53859362,0.324200676,0.737617906,0.10220258,1996.856644,3.117529844,0.000136986,4.814355418,3.049916815,,44174,,1
70,0.951020902,2010.984831,0.002339947,0.001328773,1993.26139,3.02513932,0.205293469,2001.851245,2.242162878,0.000491125,0.808788268,1995.148971,0.024424989,1982.634738,0.301700267,16.62207598,0.053059354,17.41389093,0.329944783,0.704702064,0.109922836,1994.969813,3.11289515,0.000136986,4.982244092,3.111450477,,51555,,1
71,0.943377062,2011,0.002290039,0.001414155,1994.397064,2.836206803,0.201415431,2001.519197,2.898785596,0.000697172,0.754489936,1994.086921,0,1983.800344,0.341248574,16.32107724,0.04,17.25684602,0.389056885,0.746234659,0.119418821,1996.767922,2.973272409,0.000136986,4.754709143,3.054436265,,16959,,1
72,0.946509836,2011,0.002332448,0.001068601,1992.756017,2.973176594,0.259262043,2002.676205,2.026043241,0.000222941,0.842499563,1995.233278,0,1982.832722,0.293474913,16.11051449,0.04,16.84611053,0.268375395,0.730103063,0.071523288,1995.119696,2.948679012,0.000136986,4.426654117,2.813087094,,32321,,1
73,0.966240946,2010.729838,0.00233725,0.002103328,1993.373554,3.002576084,0.194924454,2001.464054,2.712160514,0.000558482,0.873711598,1995.476629,0.041791414,1982.644107,0.272045422,15.94815969,0.04,17.2282559,0.319786635,0.738668829,0.132611593,1997.923133,2.955454383,0.000136986,4.895799246,2.911957013,,48548,,1
74,0.949827863,2010.692265,0.002332581,0.001440312,1992.615786,3.047244918,0.21277386,2001.166016,2.307561575,0.000543236,0.802429857,1995.490419,0.018344317,1982.15946,0.293736652,16.27580553,0.04,17.76829328,0.359444733,0.724410953,0.108049543,1996.516611,2.866805017,0.000136986,4.962949665,2.965499137,,12061,,1
75,0.953226726,2010.553614,0.002339805,0.001587583,1992.344444,3.052107188,0.224029384,2001.517112,2.297779885,0.000467905,0.817166155,1997.015486,0.039333948,1982.312908,0.32760631,16.4241753,0.04,17.49921209,0.337713145,0.747792694,0.115719758,1996.688646,3.219368617,0.000136986,4.923505744,2.927850012,,9632,,1
76,0.952457937,2010.175613,0.002311854,0.001326048,1992.786324,3.271775171,0.277425172,2001.238497,2.926076578,0.000476398,0.780697584,1995.309191,0.123779314,1982.686418,0.296838119,16.23263136,0.065065301,17.42837781,0.311886518,0.733518966,0.033259602,1997.460003,3.227034705,0.000136986,4.642138547,2.572855443,,62175,,1
77,0.949981903,2010.860731,0.002349047,0.001451244,1992.392563,2.904107559,0.227549832,2001.777716,2.464649582,0.000450374,0.807220868,1994.898378,0.0116065,1983.091944,0.291263245,16.38984787,0.041767705,17.45493648,0.329703433,0.7272954,0.106664745,1996.5515,3.011108093,0.000136986,4.666400866,2.829402215,,63050,,1
78,0.950329509,2009.994513,0.002317467,0.001343666,1992.599382,2.984484577,0.208178046,2002.090182,2.415285191,0.000473393,0.822358767,1996.748672,0.031183895,1982.272033,0.322411075,16.81135943,0.058122359,17.12600723,0.331138753,0.753229753,0.069069348,1996.958004,2.906862654,0.000136986,4.873489304,2.751287657,,36195,,1
79,0.946259496,2010.893008,0.00231169,0.001227599,1992.119589,3.049594964,0.221526763,2000.948551,2.55827084,0.000435925,0.778377388,1996.379069,0.022015449,1981.137194,0.302446907,16.30931122,0.051465041,17.15702027,0.31805483,0.734263312,0.091201337,1997.370181,2.975033901,0.000136986,5.443669869,2.960646055,,40752,,1
80,0.943416093,2011,0.002324825,0.001431111,1993.602877,2.934585405,0.163522283,2001.172393,2.33534949,0.000460961,0.803528175,1997.638463,0.05771758,1983.197738,0.319860829,15.91080202,0.04,18.06017871,0.361514424,0.741135885,0.073341317,1996.269109,3.061648414,0.000136986,5.183605499,3.234454966,,22856,,1
81,0.949194387,2010.319457,0.00235,0.001468491,1992.108999,2.912286895,0.250761528,2000.94354,2.485808186,0.000375001,0.774738584,1996.281327,0,1982.601013,0.312253054,16.5038991,0.074565326,17.79743045,0.36213235,0.712877114,0.069038013,1997.299457,2.930105568,0.000136986,5.187146822,2.958439154,,56391,,1
82,0.961261609,2010.215623,0.002297296,0.001624339,1992.478854,3.133473079,0.224202046,2002.308683,2.635463676,0.000498066,0.817607709,1996.160802,0,1983.726332,0.297710733,16.68446904,0.062470341,17.90338945,0.370856877,0.727154549,0.040216739,1996.815298,2.916997128,0.000136986,4.740517215,2.652027612,,8030,,1
83,0.943803419,2010.520253,0.00235,0.001500646,1991.771957,2.939329692,0.246458019,2001.466216,2.35377438,0.000464507,0.785728692,1996.36149,0,1983.01816,0.337567693,16.64024101,0.04,17.49129661,0.332445492,0.726989207,0.094908518,1997.925699,2.813761474,0.000136986,4.578795874,2.799248756,,50714,,1
84,0.948603993,2010.927433,0.00235,0.001421653,1992.407905,3.046225555,0.188516347,2001.98935,2.842969818,0.00045586,0.722262567,1995.299034,0.030309205,1981.983605,0.316659688,16.20785382,0.057169652,17.29823401,0.356778486,0.7449072,0.105952258,1996.455243,2.654943613,0.000136986,4.785366752,2.867059701,,64250,,1
85,0.953735318,2010.595457,0.002302272,0.0014037,1994.475071,2.973821837,0.226348823,2001.854168,2.104619072,0.000468153,0.807580233,1994.60832,0,1983.365435,0.296948653,16.33099895,0.066631826,17.4658948,0.311841629,0.732995885,0.097512787,1995.074294,3.085936255,0.000136986,5.120494795,3.014862465,,33591,,1
86,0.938378245,2010.562848,0.002335568,0.001504653,1993.072026,2.852421796,0.212378517,2002.344449,2.162251383,0.000467625,0.845622746,1996.178645,0,1982.525894,0.331122349,16.39751193,0.04,16.38172967,0.34761919,0.743889162,0.138198675,1994.855703,2.759307829,0.000136986,4.837262271,2.730128136,,50301,,1
87,0.94442795,2011,0.002349033,0.001582513,1991.938561,2.960144844,0.210491194,2002.503015,2.709653971,0.000472343,0.773587971,1992.425191,0,1982.747661,0.325474395,16.02277921,0.047786062,17.95841032,0.293624983,0.718980583,0.127268595,1994.672277,3.217597921,0.000136986,4.773614068,2.883770143,,59748,,1
88,0.949984683,2010.745762,0.00229028,0.001279933,1992.581367,2.995729375,0.176540437,2002.72977,2.543369758,0.000365027,0.843591948,1997.304066,0.013483976,1981.129528,0.31834976,16.06065023,0.04,17.71134158,0.355706967,0.684913099,0.15729695,1996.250464,3.02308424,0.000136986,4.769225791,3.135569934,,48894,,1
89,0.962014494,2010.475295,0.002322546,0.001281209,1994.546183,2.941769593,0.258647051,2000.875123,2.912498724,0.000412472,0.796249452,1997.194199,0.034141974,1982.45326,0.315255826,16.12880733,0.04,16.65040886,0.341565961,0.744818032,0.102853752,1996.079815,2.691225865,0.000136986,4.784215582,2.896457883,,23350,,1
90,0.964264327,2010.912028,0.002292916,0.001460158,1992.8832,2.904958751,0.236662643,2000.008109,2.44079753,0.000332714,0.874869272,1992.555782,0,1983.300572,0.317150581,16.51616937,0.04,17.73313072,0.306681454,0.740896453,0.179314666,1997.875013,3.137988099,0.000136986,4.435974571,2.943343719,,26562,,1
91,0.954925435,2011,0.002284015,0.001228125,1992.066357,3.077230788,0.2172462,2001.370687,2.186477342,0.000503106,0.827136696,1997.660035,0,1984.085893,0.331312827,16.3401917,0.057551545,17.40057089,0.356591931,0.710850187,0.072774975,1997.121176,3.540450227,0.000136986,5.427598866,2.885020015,,33441,,1
92,0.952272606,2010.67988,0.002329444,0.001528969,1992.525789,3.012496834,0.215846177,2001.854496,2.418434048,0.000457182,0.80620739,1995.744056,0.007256419,1982.552924,0.309592429,16.30228293,0.042494848,17.49452131,0.339119744,0.730405439,0.100701789,1996.680484,3.003583202,0.000136986,4.89377618,2.857881347,,7230,,1
93,0.95035766,2010.694464,0.002336221,0.001349896,1993.409736,3.061480287,0.237731444,2001.90429,2.240898521,0.000381036,0.882299281,1996.675313,0,1983.678246,0.313441905,16.23138997,0.04,17.3539593,0.334629317,0.734193487,0.07523717,1996.132586,2.827169268,0.000136986,4.667124783,2.893777257,,11865,,1
94,0.956585214,2011,0.002337145,0.001546173,1992.859509,2.964726354,0.160503148,2002.282816,2.851272083,0.000550389,0.766267618,1995.25387,0,1983.545426,0.295839812,16.44544579,0.051951902,17.40608722,0.311162447,0.711783299,0.156285352,1997.029349,2.948823065,0.000145223,4.888521843,2.376800326,,5650,,1
95,0.953162202,2010.814977,0.002343269,0.001510241,1992.486113,2.94312725,0.214978829,2001.857238,2.254297371,0.000501125,0.805806065,1995.976556,0,1982.865421,0.315959441,16.26474521,0.04,17.63690348,0.337075617,0.748884555,0.051618544,1996.057314,3.10084277,0.000170138,4.942193372,2.925172329,,39567,,1
96,0.950545549,2010.547706,0.002334377,0.001434068,1992.710502,2.75841586,0.208163467,2002.441216,2.345229295,0.000560903,0.843885082,1995.725146,0.000154126,1982.534845,0.329858249,16.04877176,0.04,17.54947282,0.321687123,0.716938877,0.107876523,1996.716735,3.038249109,0.000136986,4.868256555,2.911333594,,62614,,1
97,0.95357205,2010.121712,0.002345759,0.00163743,1992.6393,3.108931738,0.219265226,2001.614051,2.807110435,0.00049409,0.828132897,1995.366651,0.059716833,1983.256519,0.3362343,16.30845895,0.050297011,17.24938986,0.334331939,0.732572106,0.136519493,1997.967899,3.105913828,0.000136986,4.835271535,2.773021972,,41143,,1
98,0.950329509,2009.994513,0.002317467,0.001343666,1992.599382,2.984484577,0.208178046,2002.090182,2.415285191,0.000473393,0.822358767,1996.748672,0.031183895,1982.272033,0.322411075,16.81135943,0.058122359,17.12600723,0.331138753,0.753229753,0.069069348,1996.958004,2.906862654,0.000136986,4.873489304,2.751287657,,61225,,1
99,0.954669162,2010.644805,0.002342484,0.001696343,1993.195547,2.84445624,0.193983797,2002.592124,2.529603943,0.000577468,0.790530428,1995.344923,0,1982.839765,0.339129629,16.49890583,0.048705476,16.97402782,0.301377985,0.734996197,0.102791681,1995.953528,3.031162397,0.000148457,4.69071613,2.616081242,,61688,,1
100,0.954428255,2010.567055,0.002320371,0.00142644,1992.14474,3.076155418,0.204244576,2001.510752,2.461125264,0.000481226,0.799800918,1995.189932,0.011305831,1982.439656,0.322699535,16.39640513,0.046411759,17.53859362,0.324200676,0.737617906,0.10220258,1996.856644,3.117529844,0.000136986,4.814355418,3.049916815,,4230,,1
101,0.940441809,2011,0.002314433,0.001250649,1990.898174,2.823501886,0.226834066,2002.088567,2.201897264,0.000371354,0.809146222,1999.180917,0,1983.065651,0.278725534,16.03890469,0.048823811,17.6683146,0.289966185,0.699486441,0.11965633,1995.330956,3.077448751,0.000136986,5.561521498,2.511459091,,14332,,1
102,0.953969287,2011,0.002298981,0.001252775,1991.963987,3.286643908,0.184136214,2003.302128,2.137954092,0.000449917,0.865089169,1994.324027,0,1983.507924,0.307745335,16.51531042,0.04,17.02400476,0.354483783,0.761777283,0.137096435,1997.160127,2.726963763,0.000136986,4.688590161,2.726860005,,339,,1
103,0.954184112,2009.204321,0.00235,0.001240539,1993.217077,2.907952414,0.296183454,2000.335343,2.250621409,0.000447711,0.854941104,1996.769277,0.068309749,1982.971283,0.302999755,16.17158185,0.067074463,16.87239148,0.316713649,0.759003913,0.010619824,1994.254301,2.60246896,0.000136986,5.046058929,2.545500248,,9227,,1
104,0.945062332,2010.345922,0.00235,0.001458995,1992.739112,3.11130766,0.251579242,2002.041965,2.729126724,0.000448961,0.853198135,1995.795716,0,1983.959066,0.262189327,15.64767183,0.04154846,17.60118662,0.335152319,0.754677928,0.023073988,1997.51585,3.476309557,0.000136986,5.811493544,2.758046672,,19784,,1
105,0.953261553,2011,0.00235,0.001473345,1992.678308,3.083333662,0.229884061,2001.716427,2.229284882,0.000499622,0.771185641,1995.92013,0,1982.816928,0.303557541,16.34445139,0.04,16.82568353,0.3413886,0.722171882,0.111501728,1995.972607,2.851402934,0.000136986,5.089423078,2.863232896,,1195,,1
106,0.947368434,2011,0.002336862,0.001291263,1991.749562,3.010098904,0.242828351,2000.85935,2.498044665,0.000459803,0.769874294,1995.180989,0.018325041,1982.962628,0.314060559,16.35967202,0.050543779,16.84580946,0.319540597,0.744131995,0.139063952,1996.909246,3.019657412,0.000136986,4.744424325,2.732044777,,8519,,1
107,0.950024946,2010.45566,0.00232876,0.001550278,1993.047639,2.789183776,0.21899174,2000.955173,2.623245584,0.000447939,0.843748362,1996.371354,0.001454155,1982.460758,0.321016776,16.58051773,0.04,17.66684857,0.302501329,0.740779385,0.110719743,1996.904546,2.894986847,0.000136986,4.927617203,2.803058338,,26749,,1
108,0.958329211,2010.185353,0.002267196,0.001,1993.00488,3.188155986,0.208439986,2001.65569,2.297605784,0.000461999,0.81685167,1996.99824,0,1982.642283,0.292498691,16.09000544,0.068229673,17.44489096,0.365328904,0.734660207,0.067596668,1996.622062,3.246987715,0.000276934,5.462839041,2.935856566,,893,,1
109,0.956769587,2010.593164,0.002338782,0.001338164,1992.762902,2.97569898,0.244289021,2002.292968,2.312580149,0.000441933,0.794704519,1993.606195,0.048703269,1983.273182,0.328226778,16.35274785,0.041350885,17.51314036,0.323781173,0.724464175,0.035731153,1995.758595,2.794942159,0.000136986,5.140912948,3.15780805,,22742,,1
110,0.959411638,2010.855835,0.00229524,0.001413876,1993.109111,3.202176656,0.221044502,2003.359208,2.772419852,0.000509513,0.81315587,1995.613403,0.176483488,1982.418766,0.309618928,16.17775004,0.04,17.70226008,0.397597773,0.727145912,0.111460564,1994.991367,3.251235385,0.000136986,4.984088054,2.946046603,,18733,,1
111,0.965764442,2010.184756,0.002327234,0.001154668,1992.629654,2.867057767,0.177820699,2001.981916,2.755499944,0.000511988,0.798920403,1996.440827,0,1980.996011,0.321982842,16.13918874,0.053979677,17.01318099,0.35546556,0.729428632,0.146690593,1995.794598,3.21521532,0.000136986,5.304652874,2.957783896,,45991,,1
112,0.949194387,2010.319457,0.00235,0.001468491,1992.108999,2.912286895,0.250761528,2000.94354,2.485808186,0.000375001,0.774738584,1996.281327,0,1982.601013,0.312253054,16.5038991,0.074565326,17.79743045,0.36213235,0.712877114,0.069038013,1997.299457,2.930105568,0.000136986,5.187146822,2.958439154,,62224,,1
113,0.954409349,2010.41603,0.002327836,0.001538492,1992.595836,2.916354672,0.217246253,2001.247288,2.269413961,0.000456716,0.827097641,1994.712188,0.046432103,1981.798732,0.299281948,16.34494123,0.053712118,17.72188303,0.346786391,0.732626749,0.125622809,1997.608888,2.937979268,0.000136986,4.684290628,2.962205522,,46931,,1
114,0.952443851,2010.723212,0.002331527,0.001547815,1992.26689,2.986659786,0.21045031,2001.801018,2.314638751,0.000465571,0.804385071,1995.321788,0,1982.540848,0.315520501,16.30746295,0.041334011,17.54225729,0.345442543,0.725981231,0.102332808,1996.655447,2.976710185,0.000136986,4.912707393,2.890634595,,49722,,1
115,0.958054107,2011,0.00235,0.001262873,1994.193566,2.841473166,0.230622828,2001.481673,1.765183415,0.000425007,0.799047165,1993.163433,0.035146127,1983.158664,0.320901878,15.66257977,0.04,17.94376129,0.337496618,0.70303503,0.078947993,1995.466156,2.698388699,0.000136986,4.669126634,2.707636805,,24240,,1
116,0.952581594,2010.607002,0.002268322,0.001451725,1991.424417,3.314278877,0.192248732,2002.183535,2.739371323,0.000636539,0.870823264,1994.756897,0,1983.084949,0.345935743,16.38388663,0.0525984,18.14853682,0.272539879,0.738934506,0.136527695,1996.878629,2.956092229,0.000136986,4.490355415,3.13644037,,55280,,1
117,0.953119822,2010.448885,0.002340115,0.001509573,1992.925006,3.003870204,0.212284144,2001.591997,2.501756407,0.000440168,0.816061155,1995.950134,0.004179599,1982.211036,0.3165576,16.42179943,0.04,17.56851494,0.344605121,0.729066953,0.086570944,1996.674685,3.117426141,0.000136986,4.967000971,2.900702539,,2312,,1
118,0.954868549,2011,0.002313595,0.001573786,1992.06952,3.019088488,0.217054716,2001.824202,2.367955802,0.000473674,0.792573226,1995.545751,0.01817686,1982.467266,0.311127309,16.48811761,0.044853077,17.54463314,0.345174144,0.735347293,0.10762298,1996.46639,2.965276454,0.000178105,4.735768867,2.8863217,,10911,,1
119,0.952867188,2010.322094,0.00235,0.001664119,1992.657771,2.985130828,0.201100517,2001.670924,2.506935496,0.000540138,0.814575433,1995.741342,0,1983.682159,0.323268672,15.87205643,0.041491651,17.23731592,0.292291663,0.743800908,0.091448144,1996.376483,3.051196904,0.000136986,5.099436426,2.707667415,,2092,,1
120,0.951582754,2010.68998,0.002327207,0.001551162,1992.537057,3.003140671,0.214822856,2001.902369,2.388320813,0.000468725,0.807510675,1995.733114,0.002968946,1982.440403,0.307117382,16.32140478,0.042806522,17.52510828,0.345201563,0.726686253,0.098992633,1996.551044,2.996508762,0.000136986,4.939200615,2.824361366,,44019,,1
121,0.952019155,2010.701807,0.002310604,0.001438666,1992.578011,2.889846599,0.211765503,2001.718957,2.571413404,0.000502681,0.785215451,1995.853687,0,1982.849154,0.311873284,16.31611438,0.04,17.49459776,0.358551714,0.717514471,0.099683853,1997.582071,3.03642178,0.000136986,4.795674238,2.973980747,,35172,,1
122,0.947458683,2010.953443,0.002244203,0.001538892,1992.940798,2.896974047,0.247909489,2002.025945,2.259881728,0.00057871,0.826161717,1995.958031,0,1982.474265,0.291410858,16.46189925,0.045474282,17.7830998,0.415106171,0.717761573,0.057358782,1996.517763,2.69932791,0.000176906,5.450871081,2.717077657,,49241,,1
123,0.9478428,2011,0.002316002,0.001607646,1992.825144,3.03718177,0.178042334,2001.625319,2.562211727,0.000498827,0.766677584,1995.8538,0,1983.551786,0.314697196,15.88854125,0.04,17.76404163,0.391965077,0.748138485,0.085122567,1994.899254,2.987464554,0.000136986,4.275951766,3.011397116,,42163,,1
124,0.951582754,2010.68998,0.002327207,0.001551162,1992.537057,3.003140671,0.214822856,2001.902369,2.388320813,0.000468725,0.807510675,1995.733114,0.002968946,1982.440403,0.307117382,16.32140478,0.042806522,17.52510828,0.345201563,0.726686253,0.098992633,1996.551044,2.996508762,0.000136986,4.939200615,2.824361366,,11768,,1
125,0.95545351,2010.856621,0.00232521,0.00157822,1992.694867,3.018958141,0.220115506,2001.845564,2.628399778,0.000519731,0.776646967,1993.915658,0,1983.193768,0.300608826,16.27430505,0.04,17.67390389,0.306906824,0.720898775,0.105427456,1997.129923,3.163879268,0.000136986,4.885593163,2.68065153,,19933,,1
126,0.955377068,2010.234693,0.00235,0.001521619,1992.485003,3.180558081,0.22706461,2001.739402,2.560338338,0.000407332,0.851701692,1996.5112,0.031863335,1982.834059,0.279544775,16.2536687,0.046086906,17.43620795,0.356250282,0.703950818,0.093421251,1997.875122,3.217757107,0.000136986,5.298612288,2.943499877,,34442,,1
127,0.951249692,2010.814513,0.002319808,0.00132817,1992.597517,2.947949918,0.193108887,2001.435857,2.468532851,0.000595644,0.792507194,1997.115275,0.012494961,1982.747708,0.322382095,16.79707313,0.04,18.0443645,0.341457745,0.699768714,0.140614105,1997.244026,3.159491056,0.000150232,4.904504095,3.24454003,,21007,,1
128,0.953269913,2010.864275,0.002336824,0.00145392,1992.466961,3.081799794,0.21196711,2001.877205,2.451510865,0.000462396,0.80004275,1995.993582,0.004410963,1982.287783,0.305937592,16.26739699,0.042569252,17.48674651,0.330577623,0.723692619,0.102816143,1996.709834,2.993720644,0.000137163,4.896095632,2.811962632,,34419,,1
129,0.945062332,2010.345922,0.00235,0.001458995,1992.739112,3.11130766,0.251579242,2002.041965,2.729126724,0.000448961,0.853198135,1995.795716,0,1983.959066,0.262189327,15.64767183,0.04154846,17.60118662,0.335152319,0.754677928,0.023073988,1997.51585,3.476309557,0.000136986,5.811493544,2.758046672,,6559,,1
130,0.950024946,2010.45566,0.00232876,0.001550278,1993.047639,2.789183776,0.21899174,2000.955173,2.623245584,0.000447939,0.843748362,1996.371354,0.001454155,1982.460758,0.321016776,16.58051773,0.04,17.66684857,0.302501329,0.740779385,0.110719743,1996.904546,2.894986847,0.000136986,4.927617203,2.803058338,,21905,,1
131,0.953058511,2010.352458,0.002317618,0.001369516,1992.02194,2.940301191,0.223021169,2002.283786,2.21774672,0.000461241,0.781090636,1995.91752,0.015422525,1982.63851,0.306013824,16.20931306,0.04,17.67923645,0.346736181,0.743038113,0.064321898,1996.41981,3.05084918,0.000136986,5.012385561,2.844192773,,20498,,1
132,0.94742276,2010.443131,0.00235,0.001347346,1992.866656,3.089945082,0.199661709,2001.892596,2.405401934,0.000492997,0.865563924,1994.781901,0.053022758,1982.470124,0.309364808,16.6002853,0.04,17.86698667,0.290163241,0.748342918,0.093697416,1997.575319,3.057117006,0.000171372,5.387754791,3.027914348,,18571,,1
133,0.952867188,2010.322094,0.00235,0.001664119,1992.657771,2.985130828,0.201100517,2001.670924,2.506935496,0.000540138,0.814575433,1995.741342,0,1983.682159,0.323268672,15.87205643,0.041491651,17.23731592,0.292291663,0.743800908,0.091448144,1996.376483,3.051196904,0.000136986,5.099436426,2.707667415,,59769,,1
134,0.95543845,2011,0.002342973,0.001184301,1993.985864,2.953748793,0.209185935,2003.19679,2.355341894,0.000425468,0.830528637,1995.144806,0.044954497,1983.295549,0.359132434,16.0056562,0.04,17.17026904,0.328890891,0.72859258,0.103199243,1996.530045,2.999195503,0.000136986,5.30729749,3.134364205,,12888,,1
135,0.952272606,2010.67988,0.002329444,0.001528969,1992.525789,3.012496834,0.215846177,2001.854496,2.418434048,0.000457182,0.80620739,1995.744056,0.007256419,1982.552924,0.309592429,16.30228293,0.042494848,17.49452131,0.339119744,0.730405439,0.100701789,1996.680484,3.003583202,0.000136986,4.89377618,2.857881347,,13705,,1
136,0.946378546,2010.224342,0.00235,0.001573518,1992.39672,2.885585418,0.21975052,2001.294181,2.23328438,0.000556186,0.880371407,1997.373566,0,1983.212076,0.311344092,15.70627605,0.073601029,18.11290858,0.394847605,0.71057644,0.063029034,1997.435657,3.367339001,0.000136986,5.466271849,3.029939583,,56319,,1
137,0.940441809,2011,0.002314433,0.001250649,1990.898174,2.823501886,0.226834066,2002.088567,2.201897264,0.000371354,0.809146222,1999.180917,0,1983.065651,0.278725534,16.03890469,0.048823811,17.6683146,0.289966185,0.699486441,0.11965633,1995.330956,3.077448751,0.000136986,5.561521498,2.511459091,,17999,,1
138,0.941154217,2010.423705,0.00235,0.001177527,1992.055508,2.875506063,0.264109701,2001.474977,2.43398724,0.00044673,0.861796771,1993.345822,0,1981.889218,0.271570681,16.71483313,0.04,17.30929758,0.281470757,0.761933453,0.062150013,1996.011147,3.143041544,0.000136986,4.988435259,2.925278969,,13203,,1
139,0.938777016,2010.505131,0.002345343,0.001500529,1992.822559,2.953753329,0.235964567,2000.964405,2.140315327,0.000433396,0.785543198,1993.996421,0,1982.639571,0.293685846,16.09552376,0.073082024,18.41157599,0.363317774,0.727346856,0.091084739,1996.110291,2.621166865,0.000136986,4.732157274,3.164597701,,23930,,1
140,0.948430759,2010.821239,0.00231279,0.001652323,1992.339025,3.080274976,0.19394209,2002.161595,2.477926523,0.000509809,0.773948689,1996.395911,0,1982.985968,0.276810568,16.37429114,0.048936738,17.62483297,0.278160196,0.749520724,0.102300849,1996.035469,2.984528912,0.000136986,5.105319109,2.81583786,,322,,1
141,0.951291553,2010.580178,0.002337589,0.001446986,1992.184076,3.111620629,0.211399604,2001.758726,2.482206001,0.00045322,0.82318601,1996.109447,0.045040661,1982.964778,0.297817535,16.29350635,0.04,17.4178408,0.33204925,0.728896884,0.103009548,1996.510338,3.074750342,0.000136986,4.819784065,2.788884354,,25523,,1
142,0.949859895,2010.645862,0.002308919,0.001472661,1992.409981,3.076423408,0.209321447,2001.812626,2.238877396,0.000444448,0.799142025,1994.4305,0.013042191,1982.292952,0.315958402,16.09719796,0.04,17.49505655,0.332730767,0.742476445,0.1280228,1995.877413,3.034421639,0.000166517,4.807081647,3.01784421,,36388,,1
143,0.948124039,2010.684,0.002322812,0.001606349,1992.12205,3.062815733,0.23764594,2002.20203,2.140934698,0.000461719,0.771995732,1995.495772,0.005983393,1982.491252,0.286221336,16.33598079,0.050731851,17.6407263,0.365930033,0.743428503,0.090227259,1996.92722,2.884202462,0.000136986,4.780531351,2.826266503,,17541,,1
144,0.954175543,2010.667498,0.002321599,0.001763073,1991.564956,2.935731128,0.207015507,2002.234889,2.592497023,0.000551152,0.815417365,1995.414149,0,1982.592421,0.328069704,16.33482078,0.04,17.6319517,0.321225775,0.726168455,0.104329352,1994.370853,2.98162594,0.000136986,5.155876261,3.252967216,,9759,,1
145,0.947893841,2011,0.002312667,0.001543995,1992.713029,2.988892478,0.232233582,2001.64571,2.279422249,0.000467362,0.83559168,1994.754157,0.078764159,1983.239387,0.276174046,16.4549539,0.04,17.45632168,0.323355278,0.70236552,0.076706806,1996.195242,2.67861029,0.000136986,5.501258477,2.664588206,,42435,,1
146,0.947710218,2010.061476,0.00234287,0.00159038,1992.082497,2.697205118,0.215369729,2002.100909,2.2118375,0.00049801,0.860208937,1994.062641,0,1982.828598,0.263513339,16.04918857,0.04,17.74073851,0.439036995,0.720920258,0.110173413,1995.772651,3.159326771,0.000168322,4.796611541,2.628399552,,44911,,1
147,0.954837707,2010.919442,0.00235,0.001571802,1992.516437,3.062361372,0.212000681,2002.418196,2.352535794,0.000568398,0.787559194,1994.624492,0.055915426,1982.180248,0.310559077,16.33019281,0.05388672,17.44275293,0.360286469,0.746746262,0.10551958,1996.936171,2.813791245,0.000136986,4.901339576,2.913963524,,6110,,1
148,0.956902578,2010.57933,0.00235,0.001563829,1992.674724,3.158539163,0.189802609,2001.828947,2.497617746,0.000524045,0.80947081,1996.186931,0.008912498,1983.299345,0.307088934,16.38340899,0.045954128,17.52532292,0.340314977,0.750527155,0.114964992,1996.419479,2.852982399,0.000174509,4.581765617,2.810859529,,15103,,1
149,0.949219336,2010.821427,0.00235,0.001118478,1994.155119,2.971512525,0.195145276,2001.704131,1.797120496,0.000613411,0.813769572,1996.003846,0,1983.981121,0.311584287,16.30821337,0.04204287,17.83034803,0.305841829,0.694526193,0.117126817,1995.948454,3.175135309,0.000136986,5.322951799,2.535469873,,1429,,1
150,0.957324585,2011,0.00232593,0.001125418,1992.58496,3.529952889,0.207821001,2002.3034,2.299256652,0.000492909,0.779344393,1997.734092,0,1982.883781,0.290194052,16.78958028,0.042318915,17.5376451,0.365436818,0.708721392,0.11237325,1996.39359,2.559526319,0.0001837,5.611126417,3.128888099,,26585,,1
151,0.951566622,2009.395645,0.00235,0.001397541,1990.802824,2.975556024,0.179183791,2002.817662,2.137578546,0.000529321,0.884714199,1992.949758,0,1982.635987,0.266727985,16.09033925,0.052052173,17.33379258,0.357574551,0.72678077,0.194832672,1998.329286,2.488654732,0.000136986,4.997909132,3.002945055,,11691,,1
152,0.951020902,2010.984831,0.002339947,0.001328773,1993.26139,3.02513932,0.205293469,2001.851245,2.242162878,0.000491125,0.808788268,1995.148971,0.024424989,1982.634738,0.301700267,16.62207598,0.053059354,17.41389093,0.329944783,0.704702064,0.109922836,1994.969813,3.11289515,0.000136986,4.982244092,3.111450477,,26532,,1
153,0.949309645,2010.447118,0.00235,0.001204368,1992.891838,3.070693455,0.269403678,2001.477263,2.668064688,0.000437024,0.777791194,1996.062255,0.070251441,1981.985936,0.341120551,16.1227315,0.085867989,17.40912297,0.280857647,0.789993732,0.097232954,1996.342333,2.977410029,0.000136986,4.720793112,3.134791131,,42861,,1
154,0.949915639,2010.361183,0.002333235,0.001486765,1992.776563,3.107386096,0.227797542,2002.373091,2.465005561,0.000529435,0.799815306,1995.968527,0.018758556,1982.684155,0.293193109,16.39500394,0.050225674,17.38142558,0.327355472,0.737361118,0.110935462,1996.613704,2.876354575,0.000136986,5.064771191,2.89945146,,9453,,1
155,0.953226726,2010.553614,0.002339805,0.001587583,1992.344444,3.052107188,0.224029384,2001.517112,2.297779885,0.000467905,0.817166155,1997.015486,0.039333948,1982.312908,0.32760631,16.4241753,0.04,17.49921209,0.337713145,0.747792694,0.115719758,1996.688646,3.219368617,0.000136986,4.923505744,2.927850012,,24264,,1
156,0.9478428,2011,0.002316002,0.001607646,1992.825144,3.03718177,0.178042334,2001.625319,2.562211727,0.000498827,0.766677584,1995.8538,0,1983.551786,0.314697196,15.88854125,0.04,17.76404163,0.391965077,0.748138485,0.085122567,1994.899254,2.987464554,0.000136986,4.275951766,3.011397116,,48221,,1
157,0.946121483,2010.109095,0.00235,0.001459265,1992.9499,3.162240833,0.251152512,2001.960359,2.138305295,0.000427632,0.764324032,1994.553491,0.131087994,1982.490783,0.296601066,16.71672407,0.083902863,18.0638371,0.320254455,0.683392039,0.076273848,1996.246812,3.283909607,0.000136986,4.71507062,2.972547229,,47919,,1
158,0.946356855,2011,0.002334738,0.001091946,1992.987947,3.11685782,0.227806747,2000.932167,2.518053573,0.000518612,0.872667847,1993.071746,0.098452581,1982.861651,0.339384857,16.7456315,0.048511004,17.18109319,0.39737074,0.704935182,0.100853399,1994.631976,2.299453543,0.000136986,4.730760843,2.993069176,,4293,,1
159,0.947816828,2010.731262,0.00228756,0.001418732,1990.948863,3.14856951,0.29000958,2001.791685,2.314737566,0.00030427,0.783316654,1994.119866,0.004757836,1984.416059,0.33899452,16.4315461,0.058218194,16.06255762,0.308343613,0.731774862,0.102982624,1996.73534,3.600286018,0.000136986,4.621983425,2.352304299,,17566,,1
160,0.952581594,2010.607002,0.002268322,0.001451725,1991.424417,3.314278877,0.192248732,2002.183535,2.739371323,0.000636539,0.870823264,1994.756897,0,1983.084949,0.345935743,16.38388663,0.0525984,18.14853682,0.272539879,0.738934506,0.136527695,1996.878629,2.956092229,0.000136986,4.490355415,3.13644037,,45209,,1
161,0.952272606,2010.67988,0.002329444,0.001528969,1992.525789,3.012496834,0.215846177,2001.854496,2.418434048,0.000457182,0.80620739,1995.744056,0.007256419,1982.552924,0.309592429,16.30228293,0.042494848,17.49452131,0.339119744,0.730405439,0.100701789,1996.680484,3.003583202,0.000136986,4.89377618,2.857881347,,27084,,1
162,0.954409349,2010.41603,0.002327836,0.001538492,1992.595836,2.916354672,0.217246253,2001.247288,2.269413961,0.000456716,0.827097641,1994.712188,0.046432103,1981.798732,0.299281948,16.34494123,0.053712118,17.72188303,0.346786391,0.732626749,0.125622809,1997.608888,2.937979268,0.000136986,4.684290628,2.962205522,,36569,,1
163,0.958329211,2010.185353,0.002267196,0.001,1993.00488,3.188155986,0.208439986,2001.65569,2.297605784,0.000461999,0.81685167,1996.99824,0,1982.642283,0.292498691,16.09000544,0.068229673,17.44489096,0.365328904,0.734660207,0.067596668,1996.622062,3.246987715,0.000276934,5.462839041,2.935856566,,23446,,1
164,0.950641526,2010.483239,0.00235,0.001694503,1993.316067,2.715028985,0.135243955,2001.991838,1.935624841,0.000527943,0.856965121,1995.004307,0.081843887,1981.076868,0.292268213,16.53419039,0.04,18.25806228,0.330838031,0.75101118,0.16874569,1999.007123,3.387569203,0.000136986,4.346546227,2.33907927,,34685,,1
165,0.949551558,2010.45642,0.002331438,0.001531273,1992.894998,3.190911317,0.218253658,2000.877204,2.474939098,0.000415883,0.840048915,1995.505804,0.069726086,1982.657206,0.294870274,16.07436913,0.04,17.27164685,0.336213204,0.753850031,0.115939813,1996.769674,3.068960312,0.000136986,4.634626043,2.856280293,,26592,,1
166,0.944575914,2010.542947,0.002293385,0.00156154,1993.036372,2.968655271,0.223869392,2001.87735,2.598324183,0.000507904,0.81111491,1996.456717,0,1981.759847,0.323104505,16.24802365,0.04,16.77632994,0.339616507,0.758711128,0.105637581,1995.868242,2.42105059,0.000136986,4.802151687,2.480157425,,14418,,1
167,0.943377062,2011,0.002290039,0.001414155,1994.397064,2.836206803,0.201415431,2001.519197,2.898785596,0.000697172,0.754489936,1994.086921,0,1983.800344,0.341248574,16.32107724,0.04,17.25684602,0.389056885,0.746234659,0.119418821,1996.767922,2.973272409,0.000136986,4.754709143,3.054436265,,18432,,1
168,0.954294803,2010.608546,0.00235,0.001400081,1992.010477,3.026557675,0.187164491,2001.366211,2.327148613,0.000445167,0.713831337,1995.59026,0.081927801,1981.642488,0.350708244,16.04867381,0.04,17.94763917,0.330027656,0.741179549,0.107514321,1995.658729,3.346250632,0.000136986,4.628675281,2.957906919,,17312,,1
169,0.95515659,2010.7156,0.002311406,0.001479397,1992.150527,3.155963889,0.224824464,2002.025809,2.255781975,0.000434449,0.818366484,1995.257125,0.018765353,1982.712626,0.294183025,16.31937585,0.049494171,17.26110037,0.344903616,0.736697529,0.097810766,1996.142351,3.118621155,0.000136986,5.23933202,2.931948056,,59411,,1
170,0.955011742,2010.395523,0.00235,0.001209376,1993.126252,2.85590521,0.196790993,2001.476259,1.9307449,0.00046519,0.742471603,1996.303714,0.07559564,1983.506894,0.317858617,16.07684559,0.043005807,17.36956881,0.357618234,0.72331793,0.144130487,1995.821105,2.940339404,0.000136986,4.924166117,2.699205163,,11319,,1
171,0.946509836,2011,0.002332448,0.001068601,1992.756017,2.973176594,0.259262043,2002.676205,2.026043241,0.000222941,0.842499563,1995.233278,0,1982.832722,0.293474913,16.11051449,0.04,16.84611053,0.268375395,0.730103063,0.071523288,1995.119696,2.948679012,0.000136986,4.426654117,2.813087094,,409,,1
172,0.959867592,2010.484317,0.002275881,0.001569122,1991.996289,2.872014723,0.23959492,2001.705603,2.508394592,0.000519408,0.852312118,1993.233611,0,1982.496253,0.366999919,16.37894925,0.04,17.58905974,0.334614747,0.737471283,0.098325376,1998.17245,2.915081906,0.000136986,4.938116907,2.759290091,,58502,,1
173,0.952272606,2010.67988,0.002329444,0.001528969,1992.525789,3.012496834,0.215846177,2001.854496,2.418434048,0.000457182,0.80620739,1995.744056,0.007256419,1982.552924,0.309592429,16.30228293,0.042494848,17.49452131,0.339119744,0.730405439,0.100701789,1996.680484,3.003583202,0.000136986,4.89377618,2.857881347,,59121,,1
174,0.949981903,2010.860731,0.002349047,0.001451244,1992.392563,2.904107559,0.227549832,2001.777716,2.464649582,0.000450374,0.807220868,1994.898378,0.0116065,1983.091944,0.291263245,16.38984787,0.041767705,17.45493648,0.329703433,0.7272954,0.106664745,1996.5515,3.011108093,0.000136986,4.666400866,2.829402215,,22463,,1
175,0.953098017,2010.992318,0.002295388,0.001569554,1991.020952,2.839571686,0.268756,2003.206318,2.594762077,0.000427773,0.80879803,1995.457226,0,1981.801174,0.322397695,16.31518498,0.058482755,16.96799904,0.323184129,0.757798944,0.106602042,1997.92406,3.274055787,0.000136986,4.371998223,2.582248081,,42127,,1
176,0.946259496,2010.893008,0.00231169,0.001227599,1992.119589,3.049594964,0.221526763,2000.948551,2.55827084,0.000435925,0.778377388,1996.379069,0.022015449,1981.137194,0.302446907,16.30931122,0.051465041,17.15702027,0.31805483,0.734263312,0.091201337,1997.370181,2.975033901,0.000136986,5.443669869,2.960646055,,16535,,1
177,0.965764442,2010.184756,0.002327234,0.001154668,1992.629654,2.867057767,0.177820699,2001.981916,2.755499944,0.000511988,0.798920403,1996.440827,0,1980.996011,0.321982842,16.13918874,0.053979677,17.01318099,0.35546556,0.729428632,0.146690593,1995.794598,3.21521532,0.000136986,5.304652874,2.957783896,,54075,,1
178,0.953150929,2010.701143,0.002315023,0.001391169,1992.672426,2.997150629,0.215653321,2001.416445,2.406829244,0.00046808,0.806530312,1995.211526,0,1982.882087,0.314552818,16.46979819,0.04,17.468101,0.344876526,0.731192518,0.109576836,1996.79435,2.786230333,0.000141325,4.846534699,2.757053654,,8224,,1
179,0.954925435,2011,0.002284015,0.001228125,1992.066357,3.077230788,0.2172462,2001.370687,2.186477342,0.000503106,0.827136696,1997.660035,0,1984.085893,0.331312827,16.3401917,0.057551545,17.40057089,0.356591931,0.710850187,0.072774975,1997.121176,3.540450227,0.000136986,5.427598866,2.885020015,,20427,,1
180,0.951249692,2010.814513,0.002319808,0.00132817,1992.597517,2.947949918,0.193108887,2001.435857,2.468532851,0.000595644,0.792507194,1997.115275,0.012494961,1982.747708,0.322382095,16.79707313,0.04,18.0443645,0.341457745,0.699768714,0.140614105,1997.244026,3.159491056,0.000150232,4.904504095,3.24454003,,47229,,1
181,0.964918578,2011,0.002252929,0.001270172,1991.627437,3.003218775,0.264820022,2000.928412,1.689045884,0.000457843,0.745981803,1997.056203,0,1981.381219,0.339667115,15.81843808,0.087083599,18.34483448,0.361773796,0.669315665,0.128243405,1996.287547,2.436250837,0.000136986,4.954824766,3.509676747,,43042,,1
182,0.952870597,2010.766877,0.002332815,0.001492066,1992.469048,3.04735281,0.217699836,2001.881425,2.457296296,0.000470468,0.81683202,1995.621344,0.003273215,1982.320853,0.315892084,16.26168295,0.04,17.44955332,0.344472046,0.738477175,0.104272844,1996.697355,2.896152864,0.000136986,4.812562988,2.892591141,,57061,,1
183,0.957324585,2011,0.00232593,0.001125418,1992.58496,3.529952889,0.207821001,2002.3034,2.299256652,0.000492909,0.779344393,1997.734092,0,1982.883781,0.290194052,16.78958028,0.042318915,17.5376451,0.365436818,0.708721392,0.11237325,1996.39359,2.559526319,0.0001837,5.611126417,3.128888099,,34910,,1
184,0.937639718,2010.960755,0.002306366,0.001587893,1992.186839,2.967374732,0.22150773,2001.469998,2.380804156,0.000483241,0.718734947,1998.984191,0.03544707,1981.371808,0.255260931,16.60478109,0.043757834,18.43613143,0.380867603,0.72037531,0.160978166,1995.999397,3.086900019,0.000145671,4.968937171,2.574940364,,31388,,1
185,0.947816828,2010.731262,0.00228756,0.001418732,1990.948863,3.14856951,0.29000958,2001.791685,2.314737566,0.00030427,0.783316654,1994.119866,0.004757836,1984.416059,0.33899452,16.4315461,0.058218194,16.06255762,0.308343613,0.731774862,0.102982624,1996.73534,3.600286018,0.000136986,4.621983425,2.352304299,,35596,,1
186,0.949261534,2010.668948,0.002348728,0.00118167,1993.236664,3.037473274,0.220148137,2002.615289,2.82277111,0.000489036,0.843213245,1996.194197,0.036466226,1982.714661,0.296679304,16.27313958,0.04,17.56630741,0.334548714,0.69886938,0.043248107,1997.274915,2.866350829,0.000197923,4.37156437,2.543267764,,40323,,1
187,0.949219336,2010.821427,0.00235,0.001118478,1994.155119,2.971512525,0.195145276,2001.704131,1.797120496,0.000613411,0.813769572,1996.003846,0,1983.981121,0.311584287,16.30821337,0.04204287,17.83034803,0.305841829,0.694526193,0.117126817,1995.948454,3.175135309,0.000136986,5.322951799,2.535469873,,6002,,1
188,0.953441921,2010.20929,0.00235,0.001161677,1991.71057,2.793569398,0.231552135,2001.788428,2.426078026,0.000417544,0.755377671,1997.378844,0,1982.479307,0.332033961,16.82673278,0.066561157,17.74686938,0.364214926,0.718266611,0.132036776,1996.383726,2.581705765,0.000136986,4.534417282,3.233455327,,57769,,1
189,0.954409349,2010.41603,0.002327836,0.001538492,1992.595836,2.916354672,0.217246253,2001.247288,2.269413961,0.000456716,0.827097641,1994.712188,0.046432103,1981.798732,0.299281948,16.34494123,0.053712118,17.72188303,0.346786391,0.732626749,0.125622809,1997.608888,2.937979268,0.000136986,4.684290628,2.962205522,,46455,,1
190,0.959334642,2011,0.002320463,0.001633857,1992.835693,3.113596354,0.200262289,2002.194521,2.455635755,0.000419772,0.815209786,1995.568435,0.00323153,1982.626577,0.293453215,16.62441976,0.04,17.53802047,0.327000509,0.731048838,0.124735288,1996.841451,3.123573944,0.000136986,5.222295005,2.861747259,,54234,,1
191,0.95346749,2010.824257,0.002326103,0.001466906,1992.333742,3.02286413,0.237577471,2001.144198,2.60762011,0.000419533,0.840896631,1996.413571,0.001943088,1981.790162,0.304717928,16.31267504,0.04,17.54499878,0.361653168,0.758548818,0.095880082,1997.442236,2.901525369,0.000136986,4.822367487,2.713520417,,27179,,1
192,0.95210665,2010.706492,0.002340033,0.001401921,1992.290529,2.975147027,0.229848397,2001.596133,2.407892719,0.000446689,0.806797039,1994.037588,0.039970614,1982.02852,0.292428787,16.19804519,0.04709373,17.50521555,0.35244411,0.728733877,0.125747676,1996.74466,2.748043551,0.000136986,4.76844404,2.798647712,,20819,,1
193,0.949364323,2010.545551,0.00233981,0.001612496,1992.521534,3.018993773,0.238019763,2001.341432,2.478938097,0.000474593,0.773874793,1996.498433,0,1982.157956,0.3120027,16.10329949,0.04,17.88509963,0.403377668,0.748073643,0.118281956,1995.815694,2.797071598,0.000136986,4.545655609,2.72715065,,24050,,1
194,0.948430759,2010.821239,0.00231279,0.001652323,1992.339025,3.080274976,0.19394209,2002.161595,2.477926523,0.000509809,0.773948689,1996.395911,0,1982.985968,0.276810568,16.37429114,0.048936738,17.62483297,0.278160196,0.749520724,0.102300849,1996.035469,2.984528912,0.000136986,5.105319109,2.81583786,,65534,,1
195,0.955732144,2010.755193,0.002321254,0.001612731,1992.962882,3.063367383,0.213389204,2001.746849,2.395252712,0.000449534,0.796003336,1995.489936,0.000262207,1982.678356,0.319233606,16.43751131,0.04,17.486963,0.354777651,0.725264003,0.097344755,1996.488801,2.893017638,0.000136986,4.83077205,2.877907251,,1417,,1
196,0.960306842,2010.654946,0.002306817,0.001953773,1991.836037,2.996104982,0.254630897,2001.705482,2.902301089,0.000510586,0.794100269,1994.741753,0,1982.095633,0.28649671,16.26034285,0.052702484,17.3181074,0.292619127,0.759130601,0.102955768,1995.317343,2.776846213,0.000136986,4.849745911,2.536038259,,10996,,1
197,0.9540262,2010.449283,0.002288203,0.001238391,1992.307036,2.806520494,0.218086374,2002.109325,2.393612257,0.000549459,0.83415912,1996.487399,0,1982.689399,0.335698094,16.11008609,0.04,17.4852641,0.359656856,0.70083117,0.074761823,1996.505255,2.98851222,0.000136986,4.854557563,2.698443639,,62449,,1
198,0.949219336,2010.821427,0.00235,0.001118478,1994.155119,2.971512525,0.195145276,2001.704131,1.797120496,0.000613411,0.813769572,1996.003846,0,1983.981121,0.311584287,16.30821337,0.04204287,17.83034803,0.305841829,0.694526193,0.117126817,1995.948454,3.175135309,0.000136986,5.322951799,2.535469873,,5934,,1
199,0.952951282,2011,0.00233047,0.001733699,1992.177998,2.908064804,0.223367421,2001.83549,2.590355539,0.000392108,0.862127818,1997.675771,0,1983.351063,0.319195007,16.3224771,0.04,17.78518966,0.302332756,0.753711633,0.105673232,1996.545032,2.766284438,0.000136986,4.722461469,3.094955969,,3914,,1
200,0.955607969,2010.75315,0.002329532,0.001437462,1992.08478,3.097218587,0.198811507,2001.943589,2.176836491,0.000377365,0.761018662,1996.09923,0.04260084,1983.150836,0.309952024,16.28622166,0.041156986,17.95251926,0.316319625,0.723285148,0.109645768,1996.702571,2.829807939,0.000165743,4.837326524,2.567924111,,17546,,1
201,0.952024317,2010.661566,0.002325618,0.001497123,1992.667865,3.025829677,0.216379668,2001.876433,2.431728019,0.000447645,0.812776978,1995.859186,0.013770355,1982.687253,0.307358158,16.3006198,0.04,17.49124006,0.334164753,0.733035342,0.110003293,1996.555746,3.018831415,0.000136986,4.882260784,2.882144325,,43775,,1
202,0.948430759,2010.821239,0.00231279,0.001652323,1992.339025,3.080274976,0.19394209,2002.161595,2.477926523,0.000509809,0.773948689,1996.395911,0,1982.985968,0.276810568,16.37429114,0.048936738,17.62483297,0.278160196,0.749520724,0.102300849,1996.035469,2.984528912,0.000136986,5.105319109,2.81583786,,19967,,1
203,0.952087073,2010.569233,0.002339189,0.001469518,1992.68342,3.025450656,0.229495789,2001.823102,2.372481573,0.000460164,0.824569739,1995.928395,0.005454164,1982.42921,0.320191628,16.22389011,0.04,17.42905344,0.334823762,0.730791159,0.098345722,1996.799992,2.987435226,0.000136986,4.908571653,2.899413869,,3848,,1
204,0.938792559,2010.502539,0.00235,0.001322667,1992.459745,3.014321564,0.208829641,2001.370154,2.201728367,0.000392243,0.864915243,1993.866545,0.005048673,1982.618034,0.3125223,16.50709863,0.04,17.64096254,0.301878032,0.715740171,0.125793743,1996.854871,3.088950317,0.000136986,5.828573676,2.848527547,,53728,,1
205,0.954294803,2010.608546,0.00235,0.001400081,1992.010477,3.026557675,0.187164491,2001.366211,2.327148613,0.000445167,0.713831337,1995.59026,0.081927801,1981.642488,0.350708244,16.04867381,0.04,17.94763917,0.330027656,0.741179549,0.107514321,1995.658729,3.346250632,0.000136986,4.628675281,2.957906919,,55903,,1
206,0.956226026,2010.989289,0.002349014,0.001372489,1992.429685,2.84111078,0.214245482,2001.523806,2.110234674,0.000383044,0.800440693,1995.23266,0.059582014,1984.031413,0.32747519,16.27666239,0.057889559,17.28329639,0.33986077,0.728009014,0.096545766,1997.473744,3.146077705,0.000136986,4.766608846,3.030067064,,48196,,1
207,0.949261534,2010.668948,0.002348728,0.00118167,1993.236664,3.037473274,0.220148137,2002.615289,2.82277111,0.000489036,0.843213245,1996.194197,0.036466226,1982.714661,0.296679304,16.27313958,0.04,17.56630741,0.334548714,0.69886938,0.043248107,1997.274915,2.866350829,0.000197923,4.37156437,2.543267764,,37361,,1
208,0.950931088,2011,0.002282159,0.00170665,1993.01881,2.53510361,0.201580295,2002.037688,2.157734578,0.00045916,0.778377997,1995.08192,0,1981.872482,0.385375921,16.03995274,0.04,18.42111207,0.315149132,0.762783144,0.159719824,1994.796651,2.503087223,0.000136986,4.772705721,3.430570507,,44796,,1
209,0.950024946,2010.45566,0.00232876,0.001550278,1993.047639,2.789183776,0.21899174,2000.955173,2.623245584,0.000447939,0.843748362,1996.371354,0.001454155,1982.460758,0.321016776,16.58051773,0.04,17.66684857,0.302501329,0.740779385,0.110719743,1996.904546,2.894986847,0.000136986,4.927617203,2.803058338,,33628,,1
210,0.957002005,2010.935253,0.00228287,0.001387476,1992.888605,3.107694309,0.227511266,2001.292944,2.261965092,0.000549216,0.809533171,1995.701142,0.000685881,1982.869886,0.288679409,16.40370986,0.04,17.72103286,0.294580534,0.735752233,0.097722871,1996.938015,3.057289977,0.000154785,5.000090173,2.628316914,,61730,,1
211,0.95305552,2010.967725,0.002345887,0.001378427,1992.713757,3.07949308,0.291369692,2000.97887,2.104447999,0.00051266,0.789152372,1995.64952,0.028144355,1982.836282,0.28889478,16.74492442,0.04,17.32382853,0.342045958,0.740893716,0.05591544,1995.806483,2.949795759,0.000136986,4.806984543,3.065820657,,21764,,1
212,0.958442614,2009.732829,0.002310035,0.001541958,1992.543846,2.88703739,0.227024505,2001.120124,2.066899101,0.000521144,0.797565223,1995.968663,0,1981.212527,0.339086599,16.26788761,0.056461892,17.32981935,0.322630306,0.715528205,0.09377883,1998.448655,2.799277127,0.000141163,4.942957094,2.813737194,,3148,,1
213,0.932778662,2010.535815,0.002254173,0.001139836,1992.781649,2.94303873,0.207399358,2001.778316,2.549067211,0.000412249,0.815559759,1996.562257,0,1983.549159,0.286587472,16.06453977,0.04,18.44715454,0.35973121,0.742854056,0.124778277,1998.068622,2.719077272,0.000136986,5.342109779,2.729419264,,60078,,1
214,0.95357205,2010.121712,0.002345759,0.00163743,1992.6393,3.108931738,0.219265226,2001.614051,2.807110435,0.00049409,0.828132897,1995.366651,0.059716833,1983.256519,0.3362343,16.30845895,0.050297011,17.24938986,0.334331939,0.732572106,0.136519493,1997.967899,3.105913828,0.000136986,4.835271535,2.773021972,,28206,,1
215,0.944836399,2010.416295,0.002344241,0.001633938,1992.091944,3.044213136,0.230960955,2000.894003,2.423687623,0.000397806,0.76111466,1996.564549,0.001836165,1982.898755,0.318958551,16.38429261,0.049198595,17.58248848,0.34975833,0.720237636,0.124335341,1997.200494,3.001276643,0.000136986,5.022381225,2.9416182,,18812,,1
216,0.949915639,2010.361183,0.002333235,0.001486765,1992.776563,3.107386096,0.227797542,2002.373091,2.465005561,0.000529435,0.799815306,1995.968527,0.018758556,1982.684155,0.293193109,16.39500394,0.050225674,17.38142558,0.327355472,0.737361118,0.110935462,1996.613704,2.876354575,0.000136986,5.064771191,2.89945146,,9996,,1
217,0.956585214,2011,0.002337145,0.001546173,1992.859509,2.964726354,0.160503148,2002.282816,2.851272083,0.000550389,0.766267618,1995.25387,0,1983.545426,0.295839812,16.44544579,0.051951902,17.40608722,0.311162447,0.711783299,0.156285352,1997.029349,2.948823065,0.000145223,4.888521843,2.376800326,,39031,,1
218,0.952272606,2010.67988,0.002329444,0.001528969,1992.525789,3.012496834,0.215846177,2001.854496,2.418434048,0.000457182,0.80620739,1995.744056,0.007256419,1982.552924,0.309592429,16.30228293,0.042494848,17.49452131,0.339119744,0.730405439,0.100701789,1996.680484,3.003583202,0.000136986,4.89377618,2.857881347,,61539,,1
219,0.943803419,2010.520253,0.00235,0.001500646,1991.771957,2.939329692,0.246458019,2001.466216,2.35377438,0.000464507,0.785728692,1996.36149,0,1983.01816,0.337567693,16.64024101,0.04,17.49129661,0.332445492,0.726989207,0.094908518,1997.925699,2.813761474,0.000136986,4.578795874,2.799248756,,31062,,1
220,0.956902578,2010.57933,0.00235,0.001563829,1992.674724,3.158539163,0.189802609,2001.828947,2.497617746,0.000524045,0.80947081,1996.186931,0.008912498,1983.299345,0.307088934,16.38340899,0.045954128,17.52532292,0.340314977,0.750527155,0.114964992,1996.419479,2.852982399,0.000174509,4.581765617,2.810859529,,52955,,1
221,0.950713377,2010.714218,0.002334285,0.001505168,1992.590802,2.991984924,0.216529376,2001.869571,2.434067143,0.00045358,0.798500616,1995.946153,0.016146802,1982.502999,0.306109891,16.32282609,0.044054729,17.46793501,0.344283553,0.727494267,0.096113546,1996.762012,3.002431613,0.000147822,4.887674212,2.815398236,,3527,,1
222,0.932778662,2010.535815,0.002254173,0.001139836,1992.781649,2.94303873,0.207399358,2001.778316,2.549067211,0.000412249,0.815559759,1996.562257,0,1983.549159,0.286587472,16.06453977,0.04,18.44715454,0.35973121,0.742854056,0.124778277,1998.068622,2.719077272,0.000136986,5.342109779,2.729419264,,63250,,1
223,0.959952132,2010.701505,0.00235,0.001420722,1992.957289,3.259652633,0.23432914,2001.747832,2.628009394,0.000335957,0.741319915,1997.585329,0,1982.362907,0.291085874,15.82005834,0.04,17.12065588,0.355665094,0.724845875,0.105815273,1996.223524,3.273860993,0.000136986,4.912563182,2.918185382,,32310,,1
224,0.953469174,2010.037555,0.002348638,0.001172861,1992.430974,2.794019601,0.210543454,2001.895077,2.128827682,0.00042323,0.79913828,1996.167905,0.054622537,1982.708335,0.280583721,16.63766221,0.042873799,17.15791433,0.309310502,0.740713798,0.12106565,1998.894294,3.026337816,0.000136986,4.526627074,2.75210785,,38209,,1
225,0.953969287,2011,0.002298981,0.001252775,1991.963987,3.286643908,0.184136214,2003.302128,2.137954092,0.000449917,0.865089169,1994.324027,0,1983.507924,0.307745335,16.51531042,0.04,17.02400476,0.354483783,0.761777283,0.137096435,1997.160127,2.726963763,0.000136986,4.688590161,2.726860005,,41031,,1
226,0.964586202,2010.544337,0.002334971,0.001577329,1992.851775,2.714826151,0.253932667,2004.742475,1.944172171,0.000517111,0.828906773,1995.283455,0.04940677,1983.074009,0.279904122,16.19316853,0.084510133,18.542263,0.327620084,0.706941391,0.088764698,1995.674415,2.928746127,0.000136986,5.086269308,2.381448347,,11657,,1
227,0.96258131,2009.935356,0.002339668,0.00151123,1993.011794,3.145360796,0.22763433,2001.599093,2.186485606,0.000519217,0.858597734,1996.826489,0.101755655,1983.166099,0.265190324,16.27688037,0.04,17.41970711,0.343945428,0.749079166,0.123865619,1999.178603,2.907476513,0.000137432,4.254808383,2.909556733,,23885,,1
228,0.957658128,2011,0.00230111,0.001379238,1992.546329,3.083565816,0.233064741,2001.343094,2.522615518,0.000492999,0.803719531,1996.634665,0,1982.729798,0.328936415,16.22600019,0.04,17.69883504,0.329522938,0.717384175,0.117364931,1997.187275,2.484716125,0.000136986,4.887432254,2.831331435,,46605,,1
229,0.953541041,2010.98956,0.00231041,0.001528889,1992.023433,2.973835573,0.23337168,2001.803189,2.339071423,0.000434181,0.788272648,1994.660521,0.05592976,1982.569248,0.32106151,16.12506738,0.067660139,18.13271581,0.34121997,0.703908679,0.129283828,1997.538429,3.132571395,0.000136986,5.07464236,2.393437271,,13868,,1
230,0.955562937,2010.675294,0.002324576,0.001499343,1992.594471,2.887860199,0.211020584,2001.942034,2.364696022,0.000468493,0.797473929,1995.654045,0,1982.58971,0.308420685,16.30348118,0.044479128,17.57100217,0.335566994,0.731917408,0.102028017,1996.888919,3.051805383,0.000136986,4.996329391,2.992911149,,21626,,1
231,0.953057602,2010.768314,0.002327735,0.001487409,1992.549164,2.997512112,0.201721108,2002.042124,2.423632976,0.000416773,0.790637553,1996.269743,0.035637203,1982.681787,0.314143362,16.33081453,0.049718669,17.69819693,0.34474305,0.71950718,0.093092526,1996.28538,3.0585825,0.000136986,4.52216461,2.716261258,,64179,,1
232,0.951566622,2009.395645,0.00235,0.001397541,1990.802824,2.975556024,0.179183791,2002.817662,2.137578546,0.000529321,0.884714199,1992.949758,0,1982.635987,0.266727985,16.09033925,0.052052173,17.33379258,0.357574551,0.72678077,0.194832672,1998.329286,2.488654732,0.000136986,4.997909132,3.002945055,,34340,,1
233,0.953735318,2010.595457,0.002302272,0.0014037,1994.475071,2.973821837,0.226348823,2001.854168,2.104619072,0.000468153,0.807580233,1994.60832,0,1983.365435,0.296948653,16.33099895,0.066631826,17.4658948,0.311841629,0.732995885,0.097512787,1995.074294,3.085936255,0.000136986,5.120494795,3.014862465,,39509,,1
234,0.962446383,2010.129995,0.00235,0.00148684,1993.205978,3.127796318,0.204071599,2001.361166,1.790209699,0.000355399,0.87807283,1996.61972,0,1983.746214,0.33620274,16.51022688,0.04,17.93334965,0.374428093,0.749970991,0.094688415,1996.236329,2.8426893,0.000136986,4.637445494,3.095773902,,18840,,1
235,0.947669466,2010.371271,0.002279449,0.001383533,1992.090314,2.970974366,0.20490944,2000.948402,2.004671591,0.000465259,0.783031282,1996.341819,0.035916287,1982.226256,0.28719397,15.89854351,0.04,16.92327609,0.304444629,0.678476878,0.096918052,1997.867278,3.480280225,0.000136986,4.900984778,3.067126773,,21400,,1
236,0.954751572,2010.585705,0.00232649,0.001539892,1992.710056,3.039183477,0.217680986,2001.782541,2.365910674,0.000449329,0.79396056,1995.681224,0.001970479,1982.538346,0.306603282,16.26139998,0.040194451,17.49739042,0.339781139,0.724196109,0.098311412,1996.661219,3.085584037,0.000136986,4.909151821,2.828569183,,43359,,1
237,0.957324585,2011,0.00232593,0.001125418,1992.58496,3.529952889,0.207821001,2002.3034,2.299256652,0.000492909,0.779344393,1997.734092,0,1982.883781,0.290194052,16.78958028,0.042318915,17.5376451,0.365436818,0.708721392,0.11237325,1996.39359,2.559526319,0.0001837,5.611126417,3.128888099,,56192,,1
238,0.95001757,2010.615503,0.002333932,0.001386594,1992.487885,2.978939723,0.212753351,2002.213806,2.224855126,0.000417892,0.815459536,1995.334537,0,1982.912769,0.309018287,16.04997058,0.041075379,17.3091596,0.316468611,0.716325931,0.102988803,1996.33806,3.079427855,0.000136986,4.915476089,2.926852447,,18191,,1
239,0.955011742,2010.395523,0.00235,0.001209376,1993.126252,2.85590521,0.196790993,2001.476259,1.9307449,0.00046519,0.742471603,1996.303714,0.07559564,1983.506894,0.317858617,16.07684559,0.043005807,17.36956881,0.357618234,0.72331793,0.144130487,1995.821105,2.940339404,0.000136986,4.924166117,2.699205163,,55797,,1
240,0.950949769,2011,0.002344603,0.001436027,1993.040083,2.864143593,0.183745563,2001.053357,2.522943399,0.000414362,0.7649526,1996.901281,0,1982.236293,0.277875412,16.14977151,0.041216916,17.45397664,0.378261954,0.731659671,0.063940735,1996.846953,2.65601262,0.000136986,4.650944204,2.527985627,,51741,,1
241,0.95543845,2011,0.002342973,0.001184301,1993.985864,2.953748793,0.209185935,2003.19679,2.355341894,0.000425468,0.830528637,1995.144806,0.044954497,1983.295549,0.359132434,16.0056562,0.04,17.17026904,0.328890891,0.72859258,0.103199243,1996.530045,2.999195503,0.000136986,5.30729749,3.134364205,,20926,,1
242,0.951810738,2010.299968,0.002328078,0.001209543,1992.483446,2.948345653,0.241961476,2001.290424,2.49867643,0.000319317,0.774198046,1994.221584,0.009111168,1982.186886,0.33046267,16.28071662,0.04267363,17.24277067,0.35588513,0.729318337,0.102263448,1997.671144,2.980711995,0.000136986,4.77194745,2.868532528,,14552,,1
243,0.964586202,2010.544337,0.002334971,0.001577329,1992.851775,2.714826151,0.253932667,2004.742475,1.944172171,0.000517111,0.828906773,1995.283455,0.04940677,1983.074009,0.279904122,16.19316853,0.084510133,18.542263,0.327620084,0.706941391,0.088764698,1995.674415,2.928746127,0.000136986,5.086269308,2.381448347,,56405,,1
244,0.937639718,2010.960755,0.002306366,0.001587893,1992.186839,2.967374732,0.22150773,2001.469998,2.380804156,0.000483241,0.718734947,1998.984191,0.03544707,1981.371808,0.255260931,16.60478109,0.043757834,18.43613143,0.380867603,0.72037531,0.160978166,1995.999397,3.086900019,0.000145671,4.968937171,2.574940364,,15802,,1
245,0.952272606,2010.67988,0.002329444,0.001528969,1992.525789,3.012496834,0.215846177,2001.854496,2.418434048,0.000457182,0.80620739,1995.744056,0.007256419,1982.552924,0.309592429,16.30228293,0.042494848,17.49452131,0.339119744,0.730405439,0.100701789,1996.680484,3.003583202,0.000136986,4.89377618,2.857881347,,59654,,1
246,0.952087073,2010.569233,0.002339189,0.001469518,1992.68342,3.025450656,0.229495789,2001.823102,2.372481573,0.000460164,0.824569739,1995.928395,0.005454164,1982.42921,0.320191628,16.22389011,0.04,17.42905344,0.334823762,0.730791159,0.098345722,1996.799992,2.987435226,0.000136986,4.908571653,2.899413869,,15911,,1
247,0.949535469,2010.488739,0.002325164,0.001587949,1991.790329,2.962314185,0.192908921,2002.313343,2.549666393,0.000455941,0.803448931,1995.180745,0,1982.513248,0.302078881,16.31083793,0.041153973,17.36639304,0.356072226,0.730927239,0.096663559,1996.061701,2.954580445,0.000182729,5.094867964,2.838333163,,41622,,1
248,0.959324424,2010.553072,0.002306838,0.001539336,1992.746915,3.260855252,0.191390579,2002.512486,2.458755122,0.000346317,0.801199822,1995.687746,0,1983.771796,0.287732089,16.23617343,0.081646206,17.69204418,0.354607355,0.721041197,0.056731621,1997.756444,3.182254654,0.000136986,5.108789352,2.834584405,,48878,,1
249,0.946124771,2011,0.002328462,0.001449254,1992.401397,2.819622314,0.202774943,2001.862239,2.428877683,0.000491429,0.809762601,1998.127922,0.013540748,1982.961337,0.318870003,16.15472391,0.047696411,17.61111677,0.329587685,0.710153396,0.141049909,1996.992186,3.181427947,0.000136986,5.00726091,3.02041441,,52715,,1
250,0.951798359,2010.70696,0.002335098,0.001484742,1992.598144,3.04026938,0.229693054,2001.08615,2.382177971,0.000473157,0.857561472,1995.912768,0.000606316,1982.62359,0.308298214,16.32238441,0.043821946,17.41531339,0.340502648,0.718465328,0.123937588,1996.940234,3.137299783,0.000136986,4.906148617,2.983938658,,48285,,1